Filename,Headline_GER,Language,Economic,Capacity and resources,Morality,Fairness and equality,"Legality, constitutionality and jurisprudence",Policy prescription and evaluation,Crime and punishment,Security and defense,Health and safety,Quality of life,Cultural identity,Public opinion,Political,External regulation and reputation
article761874505.txt,"Von Trump begnadigter Ex-Seemann sagt, er verklage Obama und Comey",en,0,0,0,0,2,0,0,0,0,0,0,0,1,0
article999001226.txt,"Brenda Snipes, Wahlleiterin im Broward County, tritt wegen Wahlbetrugs in Florida zurück",en,0,0,0,0,0,0,1,0,0,0,0,0,2,0
article790720714.txt,"Ich sage, was Kavanaugh nicht sagen würde: Christine Ford war Teil des politischen Anschlags auf ihn und hier ist der Audiobeweis",en,0,0,0,0,1,0,0,0,0,0,0,0,2,0
article709732928.txt,"Uranium One Bombshell: Beweise für Bestechung, Erpressung, Schmiergelder, Geldwäsche und mehr!",en,1,0,0,0,0,0,2,0,0,0,0,0,1,0
article999001256.txt,"Schlechter Verlierer: Stacey Abrams beendet Herausforderungen im Rennen um den Gouverneursposten in Georgia – wird nicht zugeben – will Klage einreichen",en,0,0,0,0,1,0,0,0,0,0,0,0,2,0
article702077783.txt,"Lokale Polizei und Fed verhängen Informationssperre bei Schießerei in Las Vegas",en,0,0,0,0,0,0,2,1,1,0,0,0,0,0
article729410793.txt,"Deutscher Kardinal: Liturgischer „Segen“ für Schwulengemeinschaften ist „wirklich … Sakrileg“",en,0,0,2,0,0,0,0,0,0,0,1,0,0,0
article999001323.txt,"Das Gericht ordnet an, dass das Weiße Haus die Presseberechtigung des CNN-Korrespondenten Jim Acosta wiederherstellen muss",en,0,0,0,0,2,0,0,0,0,0,0,0,1,0
article764715911.txt,"Nachdem die American Medical Association die Beschlagnahmung von Waffen und Munition sowie die allgemeine Waffenregistrierung gefordert hat, sollte sie darüber nachdenken, „amerikanisch“ aus ihrem Namen zu streichen",en,0,0,0,0,0,2,0,1,0,0,1,0,1,0
article737194975.txt,"Hat Trump die Tür geöffnet?",en,0,0,0,0,0,0,0,0,0,0,0,0,2,0
article999001290.txt,"Richter befiehlt dem Weißen Haus, den Presseausweis von Jim Acosta wiederherzustellen – Trump antwortet",en,0,0,0,0,2,0,0,0,0,0,0,0,1,0
article771879020.txt,"DOJ kapituliert: 3D-Druck-Waffenakten sind durch den ersten Verfassungszusatz geschützt",en,0,0,0,0,2,1,0,1,0,0,0,0,0,0
article758669180.txt,"Die USA warnen vor „Schallangriffen“ in China",en,0,0,0,0,0,0,0,1,1,0,0,0,0,2
article111111112.txt,"US-Bloggern wurde die Einreise nach Großbritannien verboten",en,0,0,0,0,1,0,0,0,0,0,0,0,0,2
article813953273.txt,"RICHARD LITTLEJOHN: In der Hauptstadt kommt es zum ersten Mal in diesem Jahr zu Messerstechereien",en,0,0,0,0,0,0,2,0,1,0,0,0,0,0
article764664283.txt,"Gary Wills, Autor der törichten Religion: „Die Religion des Korans ist eine Religion des Friedens“",en,0,0,2,0,0,0,0,0,0,0,1,0,0,0
article833050243.txt,"Mueller-Bericht: „Die USA haben die EU gezwungen, ihre Sanktionen ohne Beweise durchzusetzen“",en,1,0,0,0,0,0,0,0,0,0,0,0,1,2
article817449755.txt,"Derbyshire jubelt über harten Brexit | Blogbeiträge",en,0,0,0,0,0,0,0,0,0,0,0,2,1,1
article725498022.txt,"SONDERBERICHT: Papst Franziskus wird Untätigkeit in Fällen berüchtigten sexuellen Missbrauchs vorgeworfen",en,0,0,2,0,0,0,1,0,0,0,0,0,0,0
article728153988.txt,"Illegaler Ausländer, der wegen versuchten Mordes in North Carolina gesucht wird, an der Grenze zwischen den USA und Mexiko festgenommen",en,0,0,0,0,1,0,1,2,0,0,0,0,0,0
article730246508.txt,"Mann wurde verhaftet, weil er am Tatort des 911-Auflegens angeblich eine Waffe gekauft hatte, mit der Polizisten aus Ohio getötet wurden",en,0,0,0,0,0,0,2,1,1,0,0,0,0,0
article729651527.txt,"Student sagt, Antisemitismus sei immer noch ein Problem in der McGill-Studentenregierung",en,0,0,0,2,0,0,0,0,0,0,1,0,1,0
article757713354.txt,"Nicht so schnell",en,0,0,0,0,0,0,0,0,0,0,0,0,2,0
article729581752.txt,"Die Sonne wird kühler und schwächer, aber die Wissenschaftler machen sich keine Sorgen",en,0,2,0,0,0,0,0,0,1,0,0,0,0,0
article701299732.txt,"Es ist in der Luft: Beamte warnen, dass sich die Seuche „Schwarzer Tod“ schnell ausbreiten könnte",en,0,0,0,0,0,0,0,1,2,0,0,0,0,0
article738028498.txt,"Ist die Auslöschung der Menschheit vorhersehbar? Weltgesundheitschef: Globale Pandemie steht unmittelbar bevor",en,0,0,0,0,0,0,0,1,2,0,0,0,0,0
article833040400.txt,"Mueller-Bericht wird am Samstag von A.G. Barr geprüft",en,0,0,0,0,1,0,0,0,0,0,0,0,2,0
article779394730.txt,"Hunderte Priester in Pennsylvania angeklagt, Begleitkirche in der Krise",en,0,0,1,0,2,0,1,0,0,0,0,0,0,0
article770156851.txt,"Die Never-Trumpers kommen niemals zurück",en,0,0,0,0,0,0,0,0,0,0,1,0,2,0
article764609985.txt,"Clintons E-Mail-IG-Bericht zerreißt FBI, Comey und Lynch … und noch viel mehr!",en,0,0,0,0,1,0,0,0,0,0,0,0,2,0
article735855251.txt,"ICE verhaftet 20 Personen in Kansas City während einer viertägigen Operation gegen kriminelle Ausländer",en,0,0,0,0,0,0,2,1,0,0,0,0,0,0
article765982381.txt,"Julian Assange",en,0,0,0,0,2,0,0,0,0,0,0,0,1,0
article705409419.txt,"Vatikanischer Theologe entlassen, weil er das Pontifikat des „barmherzigen“ Papstes in Frage gestellt hat",en,0,0,2,0,0,0,0,0,0,0,0,0,1,0
article813949697.txt,"Die Polizei bereitet sich auf den Einsatz in Nordirland für den Fall eines No-Deal-Brexit vor",en,0,0,0,0,0,0,0,2,0,0,0,0,1,1
article833028680.txt,"Mueller verstehen: Was Sie über den Bericht zur Russland-Untersuchung wissen müssen",en,0,0,0,0,1,0,0,0,0,0,0,0,2,0
article785331076.txt,"Texas: Polizist betritt das Haus, von dem sie dachte, es gehöre ihr, und tötet einen unschuldigen Hausbesitzer – wird aber nicht verhaftet",en,0,0,0,1,0,0,2,0,1,0,0,0,0,0
article999000675.txt,"Demokratenfreund Louis Farrakhan im Iran: „Tod für Amerika!“ – Amerika ist der „große Satan“",en,0,0,0,0,0,0,0,0,0,0,1,0,1,2
article730389374.txt,"Amerikas Einwanderungsstimme.",en,0,0,0,0,0,1,0,0,0,0,1,2,0,0
article833028932.txt,"Der Mueller-Bericht wird endlich fallen gelassen, die Demokraten bereiten eine Liste mit Forderungen vor",en,0,0,0,0,1,0,0,0,0,0,0,0,2,0
article723844295.txt,"Gesetzgeber macht schockierende Behauptung zum Massaker in Las Vegas (Video)",en,0,0,0,0,0,0,1,0,0,0,0,0,2,0
article786250729.txt,"Google hat mit Clintons Wahlkampf mit „stillen Spenden“ zusammengearbeitet",en,1,0,0,0,0,0,0,0,0,0,0,0,2,0
article833021113.txt,"Jerome Corsi, Mitarbeiter von Roger Stone, feiert das Ende der Mueller-Untersuchung, nachdem er sich geweigert hat, einen Plädoyervertrag zu unterzeichnen",en,0,0,0,0,2,0,0,0,0,0,0,0,1,0
article710376094.txt,"Asteroid wird wenige Tage vor Weihnachten an der Erde vorbeifliegen: Er ist „potenziell gefährlich“",en,0,0,0,0,0,0,0,1,2,0,0,0,0,0
article832933796.txt,"Trump-Berater optimistisch: Mueller „hat nicht das Zeug dazu“",en,0,0,0,0,0,0,0,0,0,0,0,0,2,0
article786731884.txt,"Facebook-Verbotsentwurf zur Verhinderung dschihadistischer Angriffe auf Amerikaner.",en,0,0,0,0,0,1,0,2,0,0,0,0,0,0
article761568202.txt,"Bill Clinton: „Ich habe das Richtige getan“ während der Lewinsky-Affäre; „Ich schulde ihr keine Entschuldigung.“",en,0,0,2,0,0,0,0,0,0,0,0,0,1,0
article833041409.txt,"Beto O'Rourke sagt, er glaube immer noch, dass Trump mit Russland konspiriert habe",en,0,0,0,0,0,0,0,0,0,0,0,0,2,0
article833039623.txt,"Robert Mueller III lässt seinen Fall ruhen – die Demokraten werden es NIEMALS tun",en,0,0,0,0,0,0,0,0,0,0,0,0,2,0
article763114850.txt,"Wer steckt hinter der Internet-Gedankenpolizei?",en,0,0,0,0,2,0,0,0,0,0,1,0,0,0
article999000142.txt,"Hillary macht einen rassistischen Witz, nachdem sie Cory Booker und Eric Holder verwechselt hat: „Sie sehen alle gleich aus“",en,0,0,0,2,0,0,0,0,0,0,0,0,1,0
article111111122.txt,"Kavanaughs Nominierung explodiert vor Trumps Gesicht",en,0,0,0,0,1,0,0,0,0,0,0,0,2,0
article733754480.txt,"Brasilianischer Waffenhändler in den USA festgenommen",en,0,0,0,0,0,0,2,1,0,0,0,0,0,1
article999000565.txt,"Anschauen: Campus Commie hat einen mit Obszönitäten beladenen, zischenden Anfall und schüttet Getränke über FSU-Republikaner aus",en,0,0,0,0,0,0,1,0,0,0,0,0,2,0
article832956618.txt,"Mueller ist fertig, aber die Trump-Ermittlungen nehmen nur noch Fahrt auf",en,0,0,0,0,1,0,0,0,0,0,0,0,2,0
article999001259.txt,"Obama-Richter entscheidet, Wahl in Georgia zu ändern",en,0,0,0,0,2,0,0,0,0,0,0,0,1,0
article833024696.txt,"Die Demokraten von 2020 fordern die Veröffentlichung des Mueller-Berichts",en,0,0,0,0,0,0,0,0,0,0,0,0,2,0
article813547724.txt,"Außenminister Jeremy Hunt sagt, Großbritannien dürfe „seine Stärke“ nach dem Brexit nicht unterschätzen",en,0,0,0,0,0,0,0,0,0,0,0,0,1,2
article758472954.txt,"Hüten Sie sich vor Angriffen mit Schallwaffen, sagen die USA den Bürgern in China",en,0,0,0,0,0,0,0,1,1,0,0,0,0,2
article770156173.txt,"Beende den Koreakrieg!",en,0,0,0,0,0,1,0,1,0,0,0,0,0,2
article704591553.txt,"Eine antisemitische Säuberung an der McGill University",en,0,0,0,2,0,0,0,0,0,0,1,0,0,0
article737457870.txt,"Dritthöchster demokratischer Bürgerrechtsheld erschien mit Farrakhan, wird nicht verurteilen",en,0,0,1,1,0,0,0,0,0,0,0,0,2,0
article727869189.txt,"Papst Franziskus: Ross Douthat und Massimo Faggioli diskutieren über die Zukunft der katholischen Kirche",en,0,0,2,0,0,0,0,0,0,0,1,0,0,0
article722512241.txt,"Ehemalige muslimische Katholiken an Papst Franziskus: „Naivität gegenüber dem Islam ist selbstmörderisch und sehr gefährlich“",en,0,0,2,0,0,0,0,1,0,0,1,0,0,0
article833067493.txt,"Don Trump Jr. nutzt das Vaterschafts-Mem von Maury Povich, um sich über die Demokraten lustig zu machen",en,0,0,0,0,0,0,0,0,0,0,0,0,2,0
article814777937.txt,"Die extreme Rechte versucht, die Gelbwesten zu vereinnahmen",en,0,0,0,0,0,0,0,0,0,0,0,1,2,0
article763260610.txt,"Die unheimliche Stille",en,0,0,0,0,0,0,0,0,0,0,0,0,2,0
article820791520.txt,"Georg III. hat Amerika verloren.",en,0,0,0,0,0,0,0,0,0,0,2,0,1,0
article789121798.txt,"Skeptisch gegenüber dokumentierten Lügnern zu sein, die einen Kandidaten für den Obersten Gerichtshof angreifen, ist eine gute Sache – hier ist der Grund dafür",en,0,0,0,0,1,0,0,0,0,0,0,0,2,0
article730573740.txt,"Kardinal Müller: Die Segnung homosexueller Paare wäre eine „Gräueltat“",en,0,0,2,0,0,0,0,0,0,0,1,0,0,0
article813452859.txt,"EU profitiert vom Handel mit Großbritannien, während London Geld verliert – politischer Aktivist",en,2,0,0,0,0,0,0,0,0,0,0,0,1,1
article813953435.txt,"Die Mehrheit der Tory-Wähler möchte, dass ihre Abgeordneten den Deal von Theresa May unterstützen",en,0,0,0,0,0,0,0,0,0,0,0,2,1,0
article732708002.txt,"Die von Rücktritten und Kritik betroffene Kommission für sexuellen Missbrauch von Papst Franziskus erhält einen Neustart",en,0,0,2,0,0,1,1,0,0,0,0,0,0,0
article815412286.txt,"Ex-MI6-Chef sagt, Theresa Mays Brexit-Deal „bedroht die nationale Sicherheit“ und schadet den Beziehungen zu den USA",en,0,0,0,0,0,0,0,2,0,0,0,0,1,1
article696264594.txt,"Die American Jewish Historical Society veranstaltet die Veranstaltung „Zerstöre Israel“.",en,0,0,0,0,0,0,0,0,0,0,2,0,1,1
article761546223.txt,"Homeschooling schützt Kinder vor Gewalt und Marxismus",en,0,0,2,0,0,0,0,0,1,0,1,0,0,0
article695108099.txt,"Aus der Quittung geht hervor, dass Paddock vor den Dreharbeiten einen weiteren Gast in seinem Zimmer hatte",en,0,0,0,0,0,0,2,1,0,0,0,0,0,0
article833052347.txt,"Die USA reagieren mit Erleichterung und Skepsis auf das Ende der Mueller-Untersuchung",en,0,0,0,0,0,0,0,0,0,0,0,2,1,0
article232.txt,"Unterstützen westliche Spione die neuen „ukrainischen Weißhelme“?",fr,0,0,0,0,0,0,0,1,0,0,0,0,0,2
article2348.txt,"Zwischen Wladimir Putin und dem Westen geht die Pattsituation weiter",fr,0,0,0,0,0,0,0,0,0,0,0,0,1,2
article23100.txt,"Franziskus, Papst der Armen und der Ökologie? Oder Papst der globalen Elite?",fr,0,0,2,0,0,0,0,0,0,0,0,0,1,0
article2396.txt,"Joe Biden und die G-7 wollen Milliarden von Dollar ausgeben, um „grüne Projekte“ in der Dritten Welt zu finanzieren",fr,2,1,0,0,0,0,0,0,0,0,0,0,0,1
article23209.txt,"Kampf gegen Homophobie: Noch in diesem Jahr werde ein „Botschafter für LGBT+-Rechte“ ernannt, kündigt Elisabeth Borne an",fr,0,0,0,2,0,1,0,0,0,0,0,0,1,0
article23175.txt,"Das Verteidigungsministerium der Russischen Föderation veröffentlichte Daten über die Arbeit mit Zeckeninfektionen in biologischen Labors der Vereinigten Staaten in der Ukraine",fr,0,0,0,0,0,0,0,1,2,0,0,0,0,1
article2347.txt,"Ukraine – Russische Rakete, die auf Zivilisten zielt, tötet versehentlich mehrere ukrainische Soldaten",fr,0,0,0,0,0,0,0,2,1,0,0,0,0,1
article23106.txt,"Eine „City COP“ zur Bekämpfung des Klimawandels",fr,0,1,0,0,0,2,0,0,0,0,0,0,0,0
article238.txt,"Biden nennt MAGA-Ideologie „extrem“",fr,0,0,0,0,0,0,0,0,0,0,1,0,2,0
article2345.txt,"Eine beispielhafte Sanktion, die von unseren fantastisch intelligenten Führern fachmännisch untersucht wurde!!!",fr,0,0,0,0,0,1,0,0,0,0,0,0,1,2
article2379.txt,"Für 2060 wird ein monströser Plastikberg vorhergesagt",fr,0,2,0,0,0,0,0,0,1,0,0,0,0,0
article23104.txt,"Die Klimastrategie der Europäischen Union soll die Entwaldung weltweit verstärken",fr,0,1,0,0,0,2,0,0,0,0,0,0,0,1
article2399.txt,"Macron will die Ungeimpften „verärgern“: eine erschreckende totalitäre Wende",fr,0,0,0,0,1,0,0,0,1,0,0,0,2,0
article2336.txt,"Das WEF möchte, dass Kinder im Metaversum lernen, den Klimawandel zu bekämpfen",fr,0,1,0,0,0,2,0,0,0,0,1,0,0,0
article232.txt,"Umweltfanatismus: Aktuelle Nachrichten aus Europa",fr,0,1,0,0,0,0,0,0,0,0,2,0,0,0
article2323.txt,"Die NATO und Russland tun so, als hätten sie keine Angst",fr,0,0,0,0,0,0,0,1,0,0,0,0,0,2
article23198.txt,"Nachhaltiger Olympismus",fr,0,1,0,0,0,0,0,0,0,0,2,0,0,0
article23134.txt,"Was wäre, wenn Frankreich Amerikanern, die eine Abtreibung wünschen, Asyl anbieten würde?",fr,0,0,0,0,1,0,0,0,1,0,0,0,0,2
article23140.txt,"Zentralbanken kontrollieren die Inflation nicht",fr,2,0,0,0,0,1,0,0,0,0,0,0,0,0
article23204.txt,"Klima – Forscher entwickeln einen Sonnenschutz mit Index 450",fr,0,1,0,0,0,0,0,0,2,0,0,0,0,0
article23197.txt,"Weitere dreißig Jahre verloren",fr,0,0,0,0,0,2,0,0,0,0,0,0,0,0
article23164.txt,"Angesichts des gesetzlosen Lügners kämpfte Marine gut",fr,0,0,0,0,0,0,0,0,0,0,0,0,2,0
article23172.txt,"Alle gesundheitspolitischen Entscheidungen von Emmanuel Macron haben mehr als 600 Milliarden gekostet, für welches Ergebnis?",fr,2,0,0,0,0,1,0,0,1,0,0,0,0,0
article2370.txt,"Die Minsker Abkommen, welche Minsker Abkommen?",fr,0,0,0,0,0,1,0,0,0,0,0,0,0,2
article23177.txt,"[Ukraine] Warum ist Russland nicht vom Rest der Welt isoliert?",fr,0,0,0,0,0,0,0,0,0,0,0,0,0,2
article2373.txt,"Katastrophe und Panik",fr,0,0,0,0,0,0,0,0,2,0,0,0,0,0
article2313.txt,"Russisches Staatsfernsehen beruhigt Zuschauer vor Atomkrieg: „Eines Tages werden wir alle sterben“",fr,0,0,0,0,0,0,0,2,0,0,0,1,0,0
article2383.txt,"Klima: Frankreich ist für künftige Krisen schlecht gerüstet",fr,0,2,0,0,0,1,0,0,0,0,0,0,0,0
article2363.txt,"Wladimir Putin schickt seine Armee in den Mittelpunkt der Erde, um „die Lava zu entnazifizieren“",fr,0,0,0,0,0,0,0,1,0,0,0,0,2,0
article23208.txt,"Aus Texas fordert Viktor Orban die amerikanischen Konservativen auf, angesichts des von der Linken geführten „Kulturkrieges“ „ihre Kräfte zu bündeln“.",fr,0,0,0,0,0,0,0,0,0,0,2,0,1,1
article23188.txt,"Vereinigte Staaten: Nicht alles ist ein nationaler Notfall",fr,0,0,0,0,2,0,0,0,0,0,0,0,1,0
article23184.txt,"Taiwan: Xi Jinping fordert Joe Biden auf, nicht „mit dem Feuer zu spielen“",fr,0,0,0,0,0,0,0,1,0,0,0,0,0,2
article2268.txt,"UN-Kommissar Filippo Grandi weist auf Doppelmoral bei Behandlung von Flüchtlingen hin",ge,0,0,0,2,0,0,0,0,1,0,0,0,0,1
article22135.txt,"Geheimer NATO-Bericht via Wikileaks zeigte miserable russische Streitkräfte, Drang zu taktischen Atomwaffen",ge,0,0,0,0,0,0,0,2,0,0,0,0,0,1
article2270.txt,"Westliche Sanktionen bewirken das Gegenteil: Rußlands Energie-Einnahmen höher als vor dem Krieg",ge,2,0,0,0,0,0,0,0,0,0,0,0,0,1
article2246.txt,"Der Ukrainer nutzt den Krieg und die Faschisten, um sich an der Macht zu halten...",ge,0,0,0,0,0,0,0,0,0,0,0,0,2,1
article2248.txt,"Umfrage deckt auf: 83 Prozent der Deutschen wünschen sich besseren Grenzschutz",ge,0,0,0,0,0,0,0,1,0,0,0,2,0,0
article22132.txt,"Bis 380 US-Dollar pro Barrel: Experten warnen von dramatischen Erdölpreissteigerungen",ge,2,1,0,0,0,0,0,0,0,0,0,0,0,0
article22187.txt,"Victor in Amerika",ge,0,0,0,0,0,0,0,0,0,0,2,0,1,0
article2298.txt,"Mit Marine Le Pen übernimmt eine Rechtspopulistin die Fraktionsführung",ge,0,0,0,0,0,0,0,0,0,0,0,0,2,0
article227.txt,"Energiepolitik: Wasserstoff ist als klimafreundlicher Energieträger fragwürdig",ge,0,1,0,0,0,2,0,0,0,0,0,0,0,0
article2282.txt,"Religiöse Führer sagen, dass Covid-Impfungen für den Anstieg von „dämonischen Besessenheit“ verantwortlich ist",ge,0,0,2,0,0,0,0,0,1,0,0,0,0,0
article226.txt,"WHO-Impfkampagne mit fatalen Folgen: Immer mehr Fälle von „Impf-Polio” in Afrika",ge,0,0,0,0,0,0,0,0,2,0,0,0,0,1
article2240.txt,"Klimawandel: Wie der „Spiegel“ zu linker Gewalt aufruft",ge,0,0,0,0,0,0,0,0,0,0,1,0,2,0
article22175.txt,"Gas gibt es gar nicht. Es ist eine Erfindung der Regierung – Querheizer sieht Winter entspannt entgegen",ge,0,0,0,0,0,0,0,0,0,0,2,1,0,0
article2257.txt,"Maske oder nicht? Sei wie Cem, Justin, Markus und Co!",ge,0,0,0,0,0,0,0,0,2,0,0,0,1,0
article2213.txt,"Die Nato allein zuhaus",ge,0,0,0,0,0,0,0,1,0,0,0,0,0,2
article2262.txt,"Wer archaische Traditionen zu unserem Alltag machen will, hat Deutschland zu verlassen!",ge,0,0,0,0,0,0,0,0,0,0,2,0,1,0
article22192.txt,"Putins Werk und Kyrills Beitrag",ge,0,0,2,0,0,0,0,0,0,0,0,0,1,0
article2289.txt,"Eine neue Kirche, ein neuer Glauben, ein neues Volk",ge,0,0,2,0,0,0,0,0,0,0,1,0,0,0
article2294.txt,"Prüderie statt Pride",ge,0,0,0,0,0,0,0,0,0,0,2,0,0,0
article2238.txt,"Davos: „Klima-Schützer“ fliegen mit 1.500 (!) Privatjets ein",ge,0,1,2,0,0,0,0,0,0,0,0,1,0,0
article2244.txt,"Global Health Governance ist eines der grundlegenden Elemente der Neuen Weltordnung und muss als solches abgelehnt und bekämpft werden.",ge,0,0,0,0,0,0,0,0,1,0,0,0,1,2
article22130.txt,"Die weltweit größten Sponsoren eigener imperialer Macht fordern die Dekolonisierung Russlands",ge,0,0,0,0,0,0,0,0,0,0,0,0,0,2
article22120.txt,"Umverteilung ja, aber transparent",ge,2,0,0,0,0,1,0,0,0,0,0,0,0,0
article2287.txt,"Ein gescheitertes Wachstumsmodell",ge,2,0,0,0,0,1,0,0,0,0,0,0,0,0
article22144.txt,"Schluss mit den Masochismus-Übungen: Macht Nordstream II auf!",ge,1,0,0,0,0,2,0,0,0,0,0,0,0,0
article22106.txt,"CO₂-Kompensieren löst das Problem nicht",ge,0,1,0,0,0,2,0,0,0,0,0,0,0,0
article2224.txt,"Was die Europäer über Migration und Einwanderung wirklich denken",ge,0,0,0,0,0,0,0,0,0,0,1,2,0,0
article26141.txt,"Aber Wissenschaft ist kein Dogma",it,0,0,0,0,0,0,0,0,0,0,2,0,0,0
article26275.txt,"„Radikale schicke Umweltschützer“: Rampini kritisiert die Griechen und De Gregorio ist irritiert (Video)",it,0,0,0,0,0,0,0,0,0,0,2,0,1,0
article26106.txt,"G7 in München: Sie sind so unbedeutend, dass selbst die Demonstranten sich nicht mehr darum kümmern",it,0,0,0,0,0,0,0,0,0,0,0,1,2,1
article26272.txt,"Es ist das übliche Berlusconi: „Forza Italia bei 20 %, wir werden den Premiermakler wählen.“ Über Überläufer: „Sie werden verschwinden wie Alfano“",it,0,0,0,0,0,0,0,0,0,0,0,0,2,0
article26293.txt,"Nachhaltiges Finanzwesen und EU-Taxonomie: Was ändert sich?",it,2,0,0,0,0,1,0,0,0,0,0,0,0,0
article26271.txt,"DRAGHI FÄLLT, PUTIN GENIEßT - GRAMELLINI: „ENTSCHULDIGUNG FÜR DAS BÖSSE DENKEN...“",it,0,0,0,0,0,0,0,0,0,0,0,0,2,1
article26134.txt,"Das Anti-Putin-Dilemma der deutschen Grünen: „Wie viele Minuten kann der Schauer dauern?“",it,0,0,0,0,0,0,0,0,0,0,0,0,2,1
article26187.txt,"Brasilien: Nein zu Sanktionen gegen Russland, sonst gibt es Welthunger. Die Realwirtschaft übertrifft die Papierwirtschaft",it,2,0,0,0,0,0,0,0,0,0,0,0,0,1
article26261.txt,"Die nächsten Alarme: heißer Herbst? Nein, sehr kalt",it,0,2,0,0,0,0,0,0,1,0,0,0,0,0
article2659.txt,"Covid und Impfstoff, Galli: Die Pflicht bleibt für über 50-Jährige bestehen. Keine Amnestie für Impfgegner",it,0,0,0,0,0,2,1,0,1,0,0,0,0,0
article26193.txt,"Russland-Ukraine-Krieg: Bolsonaros Brasilien bleibt neutral. Aber der Präsident ist pro-russisch",it,0,0,0,0,0,0,0,0,0,0,0,0,1,2
article2664.txt,"Affenpocken? Es ist rassistisch, es „diskriminiert Afrikaner“: Die WHO wird den Namen der Krankheit ändern",it,0,0,0,2,0,0,0,0,1,0,0,0,0,0
article26253.txt,"Türkischer Verteidigungsminister: Russland hatte nichts mit der Bombardierung von Odessa zu tun",it,0,0,0,0,0,0,0,1,0,0,0,0,0,2
article265.txt,"Fast 11.000 Migranten sind dieses Jahr bereits gelandet. Meloni: «Seeblockade ist die einzige Lösung»",it,0,0,0,0,0,1,0,2,0,0,0,0,1,0
article26300.txt,"„Lasst uns gemeinsam den Planeten retten“: Uns fehlte nur noch das Predigtbuch von Greta und dem Dalai Lama",it,0,1,2,0,0,0,0,0,0,0,0,0,0,0
article26301.txt,"Laut Moskau könnten die USA hinter Covid und den Affenpocken stecken",it,0,0,0,0,0,0,0,0,1,0,0,0,0,2
article2618.txt,"UkrLeaks: Nazis für den Export, von den USA nach Kiew",it,0,0,0,0,0,0,0,0,0,0,0,0,1,2
article26250.txt,"Energie: IEA, erste globale Krise, beschleunigt den Übergang",it,1,2,0,0,0,0,0,0,0,0,0,0,0,0
article26165.txt,"Salvini greift das Ius Scholae erneut an: „Echte Italiener sind Analphabeten“",it,0,0,0,0,1,0,0,0,0,0,1,0,2,0
article26294.txt,"Boomer einbinden Die Klimabewegung darf nicht nur eine Kindergeschichte bleiben",it,0,0,0,0,0,0,0,0,0,0,2,1,0,0
article26285.txt,"Die UN fordern Kiew, Moskau, die USA und die EU auf, die Abkommen über russischen und ukrainischen Weizen einzuhalten",it,1,0,0,0,0,0,0,0,0,0,0,0,0,2
article2656.txt,"Die Pause ist vorbei",it,0,0,0,0,0,0,0,0,0,0,0,0,2,0
article26121.txt,"„Affenpocken haben sich auf überraschende Weise verändert“",it,0,0,0,0,0,0,0,0,2,0,0,0,0,0
article2628.txt,"Wenn die Abstimmung irgendeinen Zweck hätte, würden die Anti-Vax-Leute es nicht zulassen.",it,0,0,0,0,0,0,0,0,0,0,0,1,2,0
article26172.txt,"Der Physiker Prodi gegen den Gretinismus: „Aber wie CO2 folgt auch die globale Erwärmung natürlichen Kreisläufen“",it,0,2,0,0,0,0,0,0,0,0,1,0,0,0
article26166.txt,"Achten Sie auf die Französischlektion. Er kann Italien auch etwas beibringen",it,0,0,0,0,0,0,0,0,0,0,0,0,0,2
article2687.txt,"Super-Umweltschützer Deutschland gezwungen, zur Kohle zurückzukehren.",it,0,2,0,0,0,1,0,0,0,0,0,0,0,1
article26212.txt,"Der „Preis“, den Russland für den Einsatz militärischer Gewalt zahlen muss",it,0,0,0,0,0,0,0,1,0,0,0,0,0,2
article26243.txt,"ZUR ABSTIMME! ZUR ABSTIMME! DIE SPRECHENDEN POLITIKER",it,0,0,0,0,0,0,0,0,0,0,0,0,2,0
article26295.txt,"Ukraine-EffektJetzt ist auch Island versucht, der EU beizutreten",it,0,0,0,0,0,0,0,0,0,0,0,0,0,2
article26136.txt,"Durch die Aufstände in Zentralasien strecken die Vereinigten Staaten ihre Tentakel Richtung Russland und China aus",it,0,0,0,0,0,0,0,0,0,0,0,0,0,2
article26192.txt,"Coronavirus, Bolsonaro: „In Italien sterben viele Menschen, weil es ein Land der alten Menschen ist“",it,0,0,0,0,0,0,0,0,1,0,2,0,0,0
article2667.txt,"Italien nutzt „humanitäre Korridore“, um Migranten aus Griechenland zu importieren",it,0,0,0,0,0,0,0,0,1,0,0,0,0,2
article2632.txt,"Migranten, die stille Invasion: Weitere 573 landeten in Augusta. Doch Lamorgese rührt keinen Finger",it,0,0,0,0,0,0,0,2,0,0,0,0,1,0
article268.txt,"Erich Vad, Merkels ehemaliger Berater: „USA und London können uns in den Dritten Weltkrieg hineinziehen“",it,0,0,0,0,0,0,0,1,0,0,0,0,0,2
article26242.txt,"1 – Trumps Kundgebung für die Wahlen in Alaska: „Mit Treibhauseffekt mehr Häuser mit Meerblick“",it,0,1,0,0,0,0,0,0,0,0,0,0,2,0
article26143.txt,"KLIMA: Die globale Erwärmung wird noch LANGE anhalten und das erste Opfer könnte der Mensch sein. Eine Studie verrät es",it,0,1,0,0,0,0,0,0,2,0,0,0,0,0
article26112.txt,"„The Great Game“ II: Britische Aktivitäten in der Ukraine",it,0,0,0,0,0,0,0,0,0,0,0,0,0,2
article26252.txt,"Deutschland, Wirtschaftsminister Habeck: „Wir stehen vor der größten Gaskrise“",it,1,2,0,0,0,0,0,0,0,0,0,0,1,0
article2620.txt,"Ecr, Fitto: EU-NATO kooperieren immer mehr, um die Auswahl der Länder zu gewährleisten, die dem Bündnis beitreten möchten",it,0,0,0,0,0,0,0,0,0,0,0,0,0,2
article26233.txt,"Hotspot Lampedusa kollabiert, Pisano: „Von der Regierung geschickte nutzlose Taxischiffe, wir sind die Einzigen, die die italienischen Grenzen verteidigen“",it,0,2,0,0,0,0,0,1,0,0,0,0,1,0
article26103.txt,"Der „Rat“ von EU-Kommission und IWF: Die Troika kehrt zurück, um Italien zu bedrohen",it,1,0,0,0,0,0,0,0,0,0,0,0,0,2
article2691.txt,"US-Plan scheitert in der Ukraine",it,0,0,0,0,0,0,0,0,0,0,0,0,0,2
article26211.txt,"Das „Insect Allies“-Programm – die Büchse der Pandora der DARPA",it,0,0,0,0,0,0,0,2,1,0,0,0,0,0
article26273.txt,"Wuhan, willkommener Lockdown: 1 Million Menschen wegen 4 asymptomatischen Fällen eingesperrt",it,0,0,0,0,0,2,0,0,1,0,0,0,0,0
article25171.txt,"in „Wiadomości“ TVP! Wie Tusk und die Deutschen „Quecksilber erfanden“",po,0,0,0,0,0,0,0,0,0,0,0,0,2,1
article25150.txt,"Nicht Czarnek, nicht Najman, sondern Anna-Maria Żukowska. Der Linke-Abgeordnete gewann einen ungewöhnlichen Wettbewerb",po,0,0,0,0,0,0,0,0,0,0,0,0,2,0
article25132.txt,"Coronavirus. In Wuhan kommt es erneut zu einem Lockdown für Millionen Bürger. Es wurden vier Infektionsfälle festgestellt",po,0,0,0,0,0,2,0,0,1,0,0,0,0,0
article25167.txt,"Das Great Barrier Reef ist nicht nur wegen seines Namens großartig. Sie hat dem Klimawandel einfach die Stirn geboten",po,0,2,0,0,0,0,0,0,0,0,0,0,0,0
article253.txt,"Sylwia Spurek: Was gibt uns das Recht, eine Milchkuh auszubeuten?",po,0,0,2,0,0,0,0,0,0,0,0,0,0,0
article25165.txt,"VERSCHIEDENE FRONTEN EINES KRIEGES",po,0,0,0,0,0,0,0,2,0,0,0,0,0,0
article25131.txt,"Die Zahl der Coronavirus-Infektionen in Polen geht weiterhin nicht zurück. Neuer Bericht des Gesundheitsministeriums",po,0,0,0,0,0,0,0,0,2,0,0,0,0,0
article25188.txt,"Die meisten Polen wollen die Rückkehr der Corona-Beschränkungen nicht, die PiS-Wähler hingegen schon",po,0,0,0,0,0,0,0,0,0,0,0,2,1,0
article25119.txt,"In Polen wächst die Wut auf Deutschland. „Zu wenig, zu spät“",po,0,0,0,0,0,0,0,0,0,0,0,1,0,2
article25135.txt,"Polnische Ausgrabung",po,0,0,0,0,0,0,0,0,0,0,2,0,0,0
article25158.txt,"Eine kontroverse Meinung eines deutschen Politikers. „Nicht nur Russland, auch die USA sind böse“",po,0,0,1,0,0,0,0,0,0,0,0,0,0,2
article2526.txt,"Die Sanktionen des Westens wirken. Die russische Wirtschaft blutet",po,2,0,0,0,0,0,0,0,0,0,0,0,0,1
article25114.txt,"EU. Tusk erhielt jedoch einen „Befehl für Polen“",po,0,0,0,0,0,0,0,0,0,0,0,0,2,1
article2520.txt,"Ziobro zu Covid-Zertifikaten: Ich bin kein Unterstützer",po,0,0,0,0,0,1,0,0,0,0,0,0,2,0
article2597.txt,"Andrzej Duda ignoriert den verheerenden Klimabericht. Ihre Gedanken sind bei Antek Królikowskis Hochzeit",po,0,0,0,0,0,0,0,0,0,0,1,0,2,0
article2534.txt,"Duma-Sprecher: Das Arsenal westlicher Sanktionen ist erschöpft. Russland kann profitieren",po,1,0,0,0,0,0,0,0,0,0,0,0,0,2
article25104.txt,"Greta Thunberg. Ein atmosphärisches Symbol ohne Bedeutung [KOMMENTAR]",po,0,0,0,0,0,0,0,0,0,0,2,0,1,0
article2585.txt,"Legale Abtreibung. „Bei dieser Abstimmung war die Wahl sehr einfach, Sie sind entweder für Frauen oder dagegen.“",po,0,0,1,2,0,0,0,0,0,0,0,0,1,0
article2523.txt,"In Italien politisiert die extreme Rechte Impfgegner",po,0,0,0,0,0,0,0,0,0,0,0,0,2,0
article25163.txt,"Niedzielski: Die Ansteckungsgefahr von Affenpocken ist nicht hoch",po,0,0,0,0,0,0,0,0,2,0,0,0,1,0
article2533.txt,"Wolski: Für die Russen ist der Einsatz von Streubomben wie ein Brotholen",po,0,0,0,0,0,0,0,2,0,0,0,0,0,0
article25194.txt,"Hypocrisy. Macron steht unter Beschuss, nachdem er Urlaubsfotos enthüllt hat",po,0,0,1,0,0,0,0,0,0,0,0,0,2,0
article25122.txt,"„Selenskys Industrie“ schweigt über den Krieg. Die Ukraine nimmt es Satirikern aus Russland übel, weil sie Putin nicht verurteilen",po,0,0,0,0,0,0,0,0,0,0,2,0,1,0
article2598.txt,"Der Kolonialismus ist immer noch im Gange. Und es ist eine der Ursachen des Klimawandels",po,0,1,0,0,0,0,0,0,0,0,2,0,0,0
article25110.txt,"In Südafrika haben sie bereits das Licht ausgeschaltet",po,0,2,0,0,0,0,0,0,0,0,0,0,0,0
article251.txt,"Nord Stream 2 ist das größte Problem der deutschen Politik",po,1,0,0,0,0,0,0,0,0,0,0,0,2,1
article25168.txt,"Kim Jong Un will Putins Armee unterstützen. Über diese Ausrüstung verfügt Nordkorea.",po,0,0,0,0,0,0,0,2,0,0,0,0,0,1
article25189.txt,"Kommt eine weitere Welle von Beschränkungen?",po,0,0,0,0,0,2,0,0,1,0,0,0,0,0
article2542.txt,"Über hundert Coronavirus-Infektionen im Zusammenhang mit einem Riegel. „Gefährliche Welle“ in Peking",po,0,0,0,0,0,0,0,0,2,0,0,0,0,0